productLinkId,itemTemplate,platform,affiliateUrl,priceSnapshotKrw
,pregnancy_vitamin,coupang,https://link.coupang.com/a/g0SIa8TnK8,39520
,car_seat,coupang,https://link.coupang.com/a/g0StQZAVZk,195000
,diaper_stock,coupang,https://link.coupang.com/a/g0S0TnkztI,36300
,baby_bath,coupang,https://link.coupang.com/a/g0S8dYa7QO,9500
,stroller,coupang,https://link.coupang.com/a/g0TcIPEqAu,369000
,baby_food_maker,coupang,https://link.coupang.com/a/g0TdhOkboi,32800
,first_books,coupang,https://link.coupang.com/a/g0TdGtGxa0,27000
,maternity_underwear,coupang,https://link.coupang.com/a/g0TLOb3iCa,15900
,anti_nausea_relief,coupang,https://link.coupang.com/a/g0SEExmomq,6190
,pregnancy_diary,coupang,https://link.coupang.com/a/g0TetZ9UdM,15800
,maternity_clothes,coupang,https://link.coupang.com/a/g0Tffdw4E8,21250
,body_pillow,coupang,https://link.coupang.com/a/g0TfOXfuXQ,86900
,stretch_care_cream,coupang,https://link.coupang.com/a/g0TghLhYqG,26440
,iron_supplement,coupang,https://link.coupang.com/a/g0TgHanBeK,50000
,prenatal_class,coupang,https://link.coupang.com/a/g0Tg3viuRw,17550
,hospital_bag,coupang,https://link.coupang.com/a/g0Tif6EgjQ,76900
,newborn_clothes_set,coupang,https://link.coupang.com/a/g0TiGeI4ke,31400
,feeding_bottle_set,coupang,https://link.coupang.com/a/g0Ti6s6V0C,17020
,breast_pump,coupang,https://link.coupang.com/a/g0Tjvdz38u,58000
,nursing_pads,coupang,https://link.coupang.com/a/g0TjSQPrzw,7900
,crib,coupang,https://link.coupang.com/a/g0TkJXV0ea,124700
,wipes_bulk,coupang,https://link.coupang.com/a/g0TllDW25Q,21590
,formula,coupang,https://link.coupang.com/a/g0TlWTV9EW,86500
,swaddle,coupang,https://link.coupang.com/a/g0Tmyjixt6,27900
,baby_thermometer,coupang,https://link.coupang.com/a/g0TMmf98rk,68500
,baby_detergent,coupang,https://link.coupang.com/a/g0TnHUI2Ka,37900
,baby_skincare,coupang,https://link.coupang.com/a/g0Toj8mhFI,28900
,nail_care_set,coupang,https://link.coupang.com/a/g0ToJpTrxc,19800
,baby_carrier,coupang,https://link.coupang.com/a/g0Tpbg0xlA,29600
,mobile_toy,coupang,https://link.coupang.com/a/g0TpQsF2aa,44820
,high_chair,coupang,https://link.coupang.com/a/g0TqEweqKi,23290
,weaning_tableware,coupang,https://link.coupang.com/a/g0Tq6vW95U,23900
,teether,coupang,https://link.coupang.com/a/g0TrtLVqRE,13360
,play_mat,coupang,https://link.coupang.com/a/g0Tr8vF3kG,20000
,safety_gate,coupang,https://link.coupang.com/a/g0TsYDIZWu,36900
,corner_guards,coupang,https://link.coupang.com/a/g0TtYut5AO,7900
,push_walker,coupang,https://link.coupang.com/a/g0TuobbmqO,24350
,first_shoes,coupang,https://link.coupang.com/a/g0TuMZm8ku,18800
,snack_container,coupang,https://link.coupang.com/a/g0TvdpApz2,28000
,potty_trainer,coupang,https://link.coupang.com/a/g0TMSViw3M,18900
,toddler_dental,coupang,https://link.coupang.com/a/g0TwkN7VCK,19800
,toddler_tableware,coupang,https://link.coupang.com/a/g0TwJtuNno,34800
,ride_on_car,coupang,https://link.coupang.com/a/g0Tw9g2OnQ,33600
,sticker_books,coupang,https://link.coupang.com/a/g0TxxEhcTk,3600
,daycare_kit,coupang,https://link.coupang.com/a/g0TxYzHQt3,23900
,toddler_rain_gear,coupang,https://link.coupang.com/a/g0TyB4Ykhw,27800
,kids_scooter,coupang,https://link.coupang.com/a/g0TzgcbPz2,36800
,learning_desk,coupang,https://link.coupang.com/a/g0TzEYiJVY,88010
,hangul_learning,coupang,https://link.coupang.com/a/g0TAeHAwCG,30800
,art_supplies,coupang,https://link.coupang.com/a/g0TA2oXP0S,12000
,kindergarten_kit,coupang,https://link.coupang.com/a/g0TB1jlevc,16900
,kids_bicycle,coupang,https://link.coupang.com/a/g0TCCQuPwi,173100
,school_bag,coupang,https://link.coupang.com/a/g0TDbRYczQ,34700
,school_supplies,coupang,https://link.coupang.com/a/g0TDNoRIey,14800
,study_desk_lamp,coupang,https://link.coupang.com/a/g0TEnOlxHE,74970
,kids_watch_phone,coupang,https://link.coupang.com/a/g0TFsITqLt,149000
,workbook_set,coupang,https://link.coupang.com/a/g0TFXW80CO,58860
,sports_equipment,coupang,https://link.coupang.com/a/g0TGF8j7Po,13360
,school_uniform,coupang,https://link.coupang.com/a/g0TG3hXx6q,28000
,study_tablet,coupang,https://link.coupang.com/a/g0THD8YtbM,116380
,reference_books,coupang,https://link.coupang.com/a/g0TNxrRyRE,29700
,ergonomic_chair,coupang,https://link.coupang.com/a/g0TJUu0IMK,148000
,maternity_support_belt,coupang,https://link.coupang.com/a/g01R5LHsbs,10800
,maternity_compression_socks,coupang,https://link.coupang.com/a/g02gHwRmZo,60100
,nursing_pillow,coupang,https://link.coupang.com/a/g01S3ReAwu,62000
,postpartum_peri_bottle,coupang,https://link.coupang.com/a/g02hcoSy4q,16870
,maternity_pad,coupang,https://link.coupang.com/a/g01TJARX8m,6600
,diaper_changing_mat,coupang,https://link.coupang.com/a/g01ULq0Ptc,15160
,diaper_bin,coupang,https://link.coupang.com/a/g02cPRmlaK,31300
,baby_towel,coupang,https://link.coupang.com/a/g01VO26b2y,34800
,bath_thermometer,coupang,https://link.coupang.com/a/g01WgzqGxE,11900
,baby_nasal_aspirator,coupang,https://link.coupang.com/a/g01WGtmUTs,8700
,baby_cotton_swabs,coupang,https://link.coupang.com/a/g01W3QIK2S,6900
,diaper_bag,coupang,https://link.coupang.com/a/g01YcmkZiu,49700
,bottle_sterilizer,coupang,https://link.coupang.com/a/g01YA675Bk,317000
,bottle_brush,coupang,https://link.coupang.com/a/g01YYOr2su,13900
,bottle_warmer,coupang,https://link.coupang.com/a/g01ZCGIxK8,39800
,burp_cloths,coupang,https://link.coupang.com/a/g01Z1Pjm9I,7200
,baby_bibs,coupang,https://link.coupang.com/a/g010pZwNvU,16900
,baby_food_container,coupang,https://link.coupang.com/a/g02dfLFQhU,14150
,weaning_freezer_tray,coupang,https://link.coupang.com/a/g011wXzSy4,46900
,nursing_cover,coupang,https://link.coupang.com/a/g011VfTqea,12600
,newborn_socks,coupang,https://link.coupang.com/a/g012jDEq96,13520
,newborn_hat_mittens,coupang,https://link.coupang.com/a/g012VptH52,10900
,baby_laundry_net,coupang,https://link.coupang.com/a/g013wKXnJA,22800
,baby_clothes_hanger,coupang,https://link.coupang.com/a/g014jk6WqW,12800
,waterproof_mattress_pad,coupang,https://link.coupang.com/a/g02dUjrolw,19800
,baby_sleep_sack,coupang,https://link.coupang.com/a/g0148Up7BI,24900
,night_light,coupang,https://link.coupang.com/a/g015JOeX7Y,20240
,baby_monitor,coupang,https://link.coupang.com/a/g0159iz8H6,79000
,stroller_rain_cover,coupang,https://link.coupang.com/a/g016yVcP7Y,54930
,stroller_sunshade,coupang,https://link.coupang.com/a/g017nfj9Q4,17960
,car_seat_mirror,coupang,https://link.coupang.com/a/g017LvyfKe,11680
,portable_high_chair,coupang,https://link.coupang.com/a/g018pYF17A,28900
,baby_rattle,coupang,https://link.coupang.com/a/g018QLUSL6,15150
,cloth_book,coupang,https://link.coupang.com/a/g019gj6bIa,24030
,stacking_toy,coupang,https://link.coupang.com/a/g019FfAnka,15900
,baby_blocks,coupang,https://link.coupang.com/a/g02amJzSVg,21370
,daycare_name_stickers,coupang,https://link.coupang.com/a/g02aYWm3dk,6900
,daycare_bedding,coupang,https://link.coupang.com/a/g02bpLsklo,85900
